2287	Blue NE
2290	Blue SW
2296	Blue NW
2298	Blue SE
2286	Red NE
2288	Red SW
2295	Red NW
2297	Red SE
2289	Green 1
2282	Green NE
2291	Green SE
2294	Green NW
3030	Green SW
2292	Silver
2293	Grey
34903	Gold 1
3996	Air Medical Net
3997	Denver Metro Net
3998	Northeast Net
3999	Southeast Net
8070	Southwest Net
8071	Northwest Net
4000	MAC 1 MET Call
4001	MAC 2 MET Fire
4002	MAC 3 MET LE
4003	MAC 4 MET EMS
4004	MAC 5 NE Call
4005	MAC 6 NE Fire
4006	MAC 7 NE LE
4007	MAC 8 NE EMS
4008	MAC 9 SE Call
4009	MAC 10 SE Fire
4010	MAC 11 SE LE
4011	MAC 12 SE EMS
4012	MAC 13 SW Call
4013	MAC 14 SW Fire
4014	MAC 15 SW LE
4015	MAC 16 SW EMS
4016	MAC 17 NW Call
4017	MAC 18 NW Fire
4018	MAC 19 NW LE
4019	MAC 20 NW EMS
4020	MAC 21 ST
162	EMS MH
163	EMS NE
164	EMS PP
165	EMS SE
166	EMS S
167	EMS FH
168	EMS MAC
1360	SC RIC Cmd
1361	SC RIC Law
1362	SC RIC Fire
1363	SC RIC EMS
4453	S RIC Call
4454	S RIC Fire
4455	S RIC Law
4456	S RIC EMS
8160	EMS CM
8161	ER MAC
8162	EMS NW
8163	EMS SLV
8164	EMS SW
8165	EMS W
8396	SW RIC A
8397	SW RIC B
8398	SW RIC C
8399	SW RIC D
8820	I-70 Snow MAC
9463	WYCO 1
9464	WYCO 2
9465	WYCO 3
9466	WYCO 4
9467	WYCO Net
1	SiteOnWhelsA
2	SiteOnWhelsB
3	SiteOnWhelsC
4	SiteOnWhelsD
5	SiteOnWhelsE
6	SiteOnWhelsF
7	SiteOnWhelsG
8	SiteOnWhelsH
9	SiteOnWhelsI
10	SiteOnWhelsJ
11	SiteOnWhelsK
12	SiteOnWhelsL
13	SiteOnWhelsM
14	SiteOnWhelsN
15	SiteOnWhelsO
16	SiteOnWlsATG
2363	CSP HQ Denver
2397	CSP Statewide
2409	CSP Metro
2441	CSP Trouble
2405	CSP Ops 1
2407	CSP Ops 2
2703	CSP Ops 3
8108	CSP Ops 4
8116	CSP Ops 5
2301	CSP Troop 1B-1C
2303	CSP 1C Tac
2305	CSP Troop 1D
2307	CSP 1D Tac
2381	CSP Troop 1AE
2383	CSP 1A-E Tac
2385	CSP Troop 1AW
2387	CSP 1A-W Tac
2389	CSP Troop 1DW
2391	CSP 1D-W Tac
2401	CSP Troop 1E
2403	CSP 1E Tac
2519	CSP Troop 2BW
2520	CSP Troop 2A
2521	CSP 2A Tac
2522	CSP Troop 2BE
2523	CSP 2B-E Tac
2524	CSP Troop 2C
2525	CSP 2C Tac
2526	CSP Troop 2D
2527	CSP 2D Tac
2704	CSP 2B-W Tac
2451	CSP Troop 3A
2453	CSP 3A Tac
2455	CSP Troop 3C
2457	CSP 3C Tac
2459	CSP Troop 3D
2461	CSP 3-D Tac
2477	CSP Troop 3B
2479	CSP 3B Tac
8100	CSP Troop 4CW
8101	CSP 4C Tac
8102	CSP Troop 4A
8103	CSP 4A Tac
8104	CSP Troop 4B
8105	CSP 4B Tac
8106	CSP Troop 4CE
8110	CSP Troop 5A
8111	CSP 5A Tac
8112	CSP Troop 5B
8113	CSP 5B Tac
8114	CSP Troop 5C
8115	CSP 5C Tac
2362	CSP Troop 8A
2347	CSP Troop 9B
2348	CSP 9B Protect
2361	CSP Tac 9B
2393	CSP Hazmat 1
2696	CSP Hazmat 2
8109	CSP Hazmat 4
8117	CSP Hazmat 5
2399	CSP MotorCarrier
2439	CSP MotorcyclTac
2437	CSP ISS 2437
2440	CSP ISS 2440
2475	CBI Denver
2476	CBI Pueblo
8072	CBI West CO
8950	CBI Grand Jct
1226	CBI Tac-1
1227	CBI Tac-2
8951	CBI Tac-3
4450	10th Judicial
8958	7th Judicial
8999	9th Judicial
9055	13th Judicial
1223	DOW Statewd
2349	DOW NE
2700	DOW SE
8122	DOW NW
8132	DOW SW
8374	DOW SW Tac
2741	DOW Invstgtn
1224	DOW Aqtcs E
8368	DOW Aqtcs W
2351	DOW Area 1
2353	DOW Area 2
2352	DOW Area 3
2354	DOW Area 4
2355	DOW Area 5
8123	DOW Area 6
8124	DOW Area 7
8125	DOW Area 8
8126	DOW Area 9
8127	DOW Area 10
2697	DOW Area 11
2698	DOW Area 12
2699	DOW Area 13
2356	DOW Area 14
8128	DOW Area 15
12000	DOW A15 Tac
8129	DOW Area 16
10201	DOW A16 Tac
8130	DOW Area 17
8131	DOW Area 18
8963	DOW A18 Tac
2368	BARR LK OPS1
2365	BARR LK OPS2
2359	ELDORADO OPS
2366	GLD GATE OPS
2367	GLD GATE TAC
2372	CHATFLD OPS
2373	CHATFLD TAC
2374	RXBRGH OPS
2375	RXBRGH TAC
2376	CSTLWD OPS
2377	CSTLWD TAC
2378
2379	CHRY CRK TAC
2480	ST VRAIN OPS
2481	SV/LORY TAC
2482	BONNY OPS
2483	BNY/N ST TAC
2484	BOYD LK OPS
2485	BOYD LK TAC
2486	JCKSN LK OPS
2487	JCKSN LK TAC
2488	LORY OPS
2489	N STRLNG OPS
2674	SPNNY MT OPS
2675	SPNNY MT TAC
2676	11 MI RES OP
2677	11 MI RES TC
2678	MUELLER OPS
2679	MUELLER TAC
2680	LK PBO OPS
2681	LK PBO TAC
2682	SAN LUIS OPS
2683	SAN LUIS TAC
2684	LATHROP OPS
2685	LATHROP TAC
2686	TRND LK OPS
2687	TRND LK TAC
2688	J MAR RES OP
2689	J MAR RES TC
2690	CO RIV SP OP
2691	CO RIV SP TC
2692	CHYN MT OPS
2693	CHYN MT TAC
2705	AR HWTR OPS
2706	AR HWTR TAC
2725	CO PK STWD
2781	StauntonOps
2782	StauntonTac
3068	CHRY CRK SP1
3069	CHRY CRK SP2
3070	CHRY CRK SP3
4915	CHYN MT OPS
8038	STMBT LK OPS
8039	STMBT LK TAC
8040	PEARL LK OPS
8041	PEARL LK TAC
8042	YAMPA RV OPS
8043	YAMPA RV TAC
8044	STGCH OPS
8045	STGCH TAC
8046	SYLVN LK OPS
8047	SYLVN LK TAC
8048	HRVY GAP OPS
8049	HRVY GAP TAC
8050	RIFLE FLS OP
8051	RIFLE FLS TC
8052	RIFLE GAP OP
8053	RIFLE GAP TC
8054	HILINE LK OP
8055	HILINE LK TC
8056	VEGA OPS
8057	VEGA TAC
8058	PAONIA OPS
8059	PAONIA TAC
8060	CRWFRD OPS
8061	CRWFRD TAC
8062	SWEITZER OPS
8063	SWEITZER TAC
8064	RIDGWAY OPS
8065	RIDGWAY TAC
8066	MANCOS OPS
8067	MANCOS TAC
8068	NAVAJO OPS
8069	NAVAJO TAC
8369	Parks Tac
8373	State Parks
2701	CO Ag Dept NE
2702	CO Ag Dept SE
8118	CO Ag Dept W
2736	CO Brand Insp E
8371	CO Brand Insp W
2528	CDOC ACC 2528
2529	CDOC ACC 2529
2530	CDOC ACC 2530
2531	CDOC ACC 2531
2532	CDOC ACC 2532
2534	CDOC ACC 2534
2535	CDOC AVCF 2525
2536	CDOC AVCF 2536
2537	CDOC AVCF 2537
2538	CDOC AVCF 2538
2539	CDOC AVCF 2539
2540	CDOC AVCF 2540
2541	CDOC AVCF 2541
2542	CDOC BVCC 2542
2543	CDOC BVCC 2543
2544	CDOC BVCC 2544
2545	CDOC BVCC 2545
2546	CDOC BVCC 2546
2547	CDOC BVCC 2547
2548	CDOC BVCC 2548
2549	CDOC BVCC 2549
2550	CDOC BVCC 2550
2551	CDOC CCC 2551
2552	CDOC CCC 2552
2553	CDOC CCC 2553
2554	CDOC CCC 2554
2555	CDOC CCC 2555
2556	CDOC CCC 2556
2557	CDOC CCC 2557
2558	CDOC CCF 2558
2559	CDOC CCF 2559
2560	CDOC CCF 2560
2561	CDOC CCF 2561
2562	CDOC CCF 2562
2563	CDOC CCF 2563
2564	CDOC CCF 2564
2565	CDOC CMC 2565
2566	CDOC CMC 2566
2567	CDOC CMC 2567
2568	CDOC CMC 2568
2569	CDOC CMC 2569
2570	CDOC CMC 2570
2571	CDOC CMC 2571
2572	CDOC CSP 2572
2573	CDOC CSP 2573
2574	CDOC CSP 2574
2575	CDOC CSP 2575
2576	CDOC CSP 2576
2577	CDOC CSP 2577
2578	CDOC CSP 2578
2673	CDOC CSP 2673
2579	CDOC CTCF 2579
2580	CDOC CTCF 2580
2581	CDOC CTCF 2581
2582	CDOC CTCF 2582
2583	CDOC CTCF 2583
2584	CDOC CTCF 2584
2585	CDOC CTCF 2585
2586	CDOC CWCF 2586
2587	CDOC CWCF 2587
2588	CDOC CWCF 2588
2589	CDOC CWCF 2589
2590	CDOC CWCF 2590
2591	CDOC CWCF 2591
2592	CDOC CWCF 2592
8009	CDOC DCC 8009
8010	CDOC DCC 8010
8011	CDOC DCC 8011
8012	CDOC DCC 8012
8013	CDOC DCC 8013
8014	CDOC DCC 8014
8015	CDOC DCC 8015
2438	CDOC DRDC 2438
2443	CDOC DRDC 2443
2445	CDOC DRDC 2445
2447	CDOC DRDC 2447
2411	CDOC DWCF 2411
2412	CDOC DWCF 2412
2415	CDOC DWCF 2415
2417	CDOC DWCF 2417
2419	CDOC DWCF 2419
2421	CDOC DWCF 2421
2423	CDOC DWCF 2423
2425	CDOC DWCF 2425
2427	CDOC DWCF 2427
2431	CDOC DWCF 2431
2433	CDOC DWCF 2433
2593	CDOC FCF 2593
2594	CDOC FCF 2594
2595	CDOC FCF 2595
2596	CDOC FCF 2596
2597	CDOC FCF 2597
2598	CDOC FCF 2598
2599	CDOC FCF 2599
2607	CDOC FMCC 2607
2608	CDOC FMCC 2608
2609	CDOC FMCC 2609
2610	CDOC FMCC 2610
2611	CDOC FMCC 2611
2612	CDOC FMCC 2612
2613	CDOC FMCC 2613
2665	CDOC IG 2665
2666	CDOC IG 2666
2212	CDOC IT Techs 1
2213	CDOC IT Techs 2
1216	CDOC LCF 1216
2614	CDOC LCF 2614
2615	CDOC LCF 2615
2616	CDOC LCF 2616
2617	CDOC LCF 2617
2618	CDOC LCF 2618
2619	CDOC LCF 2619
2620	CDOC LCF 2620
2667	CDOC Parole Dnvr
2668	CDOC Parole NE
2669	CDOC Parole SE
2670	CDOC Parole Tac1
2671	CDOC Parole Tac2
2774	CDOC Parole Tac3
2775	CDOC Parole Tac4
8017	CDOC Parole West
2621	CDOC PMSC 2621
2622	CDOC PMSC 2622
2623	CDOC PMSC 2623
2624	CDOC PMSC 2624
2625	CDOC PMSC 2625
2626	CDOC PMSC 2626
2627	CDOC PMSC 2627
8003	CDOC RCC 8003
8004	CDOC RCC 8004
8005	CDOC RCC 8005
8006	CDOC RCC 8006
8007	CDOC RCC 8007
8008	CDOC RCC 8008
2533	CDOC SCC 2533
2628	CDOC SCC 2628
2629	CDOC SCC 2629
2630	CDOC SCC 2630
2631	CDOC SCC 2631
2632	CDOC SCC 2632
2633	CDOC SCC 2633
2634	CDOC SCC 2634
8002	CDOC SCC 8002
2635	CDOC SCCF 2635
2636	CDOC SCCF 2636
2637	CDOC SCCF 2637
2638	CDOC SCCF 2638
2639	CDOC SCCF 2639
2640	CDOC SCCF 2640
2641	CDOC SCCF 2641
2642	CDOC SCF 2642
2643	CDOC SCF 2643
2644	CDOC SCF 2644
2645	CDOC SCF 2645
2646	CDOC SCF 2646
2647	CDOC SCF 2647
2648	CDOC SCF 2648
2649	CDOC SCF 2649
2672	CDOC SCF 2672
2664	CDOC SORT 2664
2733	CDOC SORT 2733
2650	CDOC TCF 2650
2651	CDOC TCF 2651
2652	CDOC TCF 2652
2653	CDOC TCF 2653
2654	CDOC TCF 2654
2655	CDOC TCF 2655
2656	CDOC TCF 2656
2429	CDOC Transport E
8016	CDOC Transport W
2657	CDOC YOS 2657
2658	CDOC YOS 2658
2659	CDOC YOS 2659
2660	CDOC YOS 2660
2661	CDOC YOS 2661
2662	CDOC YOS 2662
2663	CDOC YOS 2663
2435	CO Historical
2746	DYS Statewide
2747	DYS PVisYSC 2747
2748	DYS PVisYSC 2748
2749	DYS PVlyYSC 2749
2750	DYS PVlyYSC 2750
2751	DYS GYSC 2751
2752	DYS GYSC 2752
2753	DYS LMCampus2753
2754	DYS LMCampus2754
2755	DYS MWFYSC 2755
2756	DYS MWFYSC 2756
2757	DYS MVCampus2757
2758	DYS MVCampus2758
2759	DYS PYSC 2759
2760	DYS PYSC 2760
2761	DYS RVYSC 2761
2762	DYS RVYSC 2762
2763	DYS SVYSC 2763
2764	DYS SVYSC 2763
2765	DYS SCYSC 2765
2766	DYS SCYSC 2766
2767	DYS ZPYSC 2767
2768	DYS ZPYSC 2768
8961	DYS GMYSC 8961
8962	DYS GMYSC 8962
114	CMHI Fort Logan
115	CMHI Pueblo 1
116	CMHI Pueblo 2
2728	CMHI Security
2729	CMHI TAC
2730	CMHI MAINT
2731	CMHI 2731
2732	CMHI 2732
2822	CMHI Security
2735	CO Labor Dept
2395	CO Military Affi
8095	CAIC Ops
155	CO Comm Health 1
161	CDPHE
169	CHD NE
170	CHD NC
171	CHD SC
172	CHD S
173	CHD SE
2357	CDPHE
2726	CDPHE NE
2727	CDPHE SE
2819	CDPHE MRC Coord
2999	CO Comm Health 2
8166	CHD NW
8167	CHD W
8168	CHD SW
8169	CHD SL
2715	CO Gaming NE
2716	CO Gaming SE
2717	CO Liquor NE
8170	CO Liquor NW
2718	CO Liquor SE
8171	CO Liquor SW
2719	CO Lottery NE
8172	CO Lottery NW
2720	CO Lottery SE
8173	CO Lottery SW
2721	CO MotCarSv NE
8174	CO MotCarSv NW
2722	CO MotCarSv SE
8175	CO MotCarSv SW
2804	CO Revenue 420
9026	CO Revenue 9026
2739	CO Revenue ETac
15000	CO Revenue Game
2740	CO Revenue MTac
2723	CO Revenue NE
8176	CO Revenue NW
2724	CO Revenue SE
8177	CO Revenue SW
8178	CO Revenue WTac
2310	CDOT Traffic Ctl
2329	CDOT Traffic 1
2331	CDOT Traffic 2
2332	CDOT Traffic 3
2333	CDOT Traffic 4
2334	CDOT Traffic 5
2501	CDOT VP MAC
8018	CDOT HLT Ops
8952	CDOT EJT MAC
8953	CDOT HLT MAC
2308	CDOT CourtPatrol
2330	CDOT Safety Pgrm
2820	CDOT ITS Mtce
2828	CDOT Bustang
2829	CDOT Outrider
2467	CDOT 1T
2471	CDOT 1J Tac
2473	CDOT 1K Tac
2491	CDOT 1 Hwy 1
2492	CDOT 1L Tac
2493	CDOT 1M Tac
2494	CDOT 1P Tac
2495	CDOT 1J
2496	CDOT 1M
2497	CDOT 1K
2498	CDOT 1P
2499	CDOT 1L
2505	CDOT 1G
2502	CDOT 2P
2509	CDOT 2K Tac
2510	CDOT 2M Tac
2511	CDOT 2 Hwy 2
8019	CDOT 2J
8020	CDOT 2K
8021	CDOT 2G
8022	CDOT 2L
8023	CDOT 2T
8086	CDOT 2M
8965	CDOT 2P Tac
12016	CDOT 2J Tac
12017	CDOT 2L Tac
8024	CDOT 3 Hwy 3
8025	CDOT 3J
8026	CDOT 3K
8027	CDOT 3M
8028	CDOT 3T
12026	CDOT 3J Tac
12027	CDOT 3K Tac
12028	CDOT 3M Tac
12029	CDOT 3T Tac
2316	CDOT 4 Hwy 4
2319	CDOT 4R
2508	CDOT 4 East
2512	CDOT 4M
2513	CDOT 4J
2514	CDOT 4K
2515	CDOT 4L
2516	CDOT 4 Hwy 4
2517	CDOT 4T
2518	CDOT 4 West
2776	CDOT 4J Tac
2777	CDOT 4K Tac
2778	CDOT 4L Tac
2779	CDOT 4M Tac
2780	CDOT 4P Tac
2309	CDOT 5J
2311	CDOT 5K
2312	CDOT 5K Tac
2313	CDOT 5 Projects
2314	CDOT 5K Tac
2315	CDOT 5K Tac
2317	CDOT 5M Tac
2469	CDOT 5T
2500	CDOT 5 Hwy 5
2503	CDOT 5P Tac
2504	CDOT 5L
2506	CDOT 5M
2507	CDOT 5P
9469	CDOT 5 Bridge
12002	CDOT 5J Tac
12003	CDOT 5L Tac
12004	CDOT 5M Tac
8029	CDOT 6 Hwy 6
8030	CDOT 6J
8031	CDOT 6K
8032	CDOT 6T
12018	CDOT 6J Tac
12019	CDOT 6K Tac
12020	CDOT 6T Tac
8033	CDOT 7 Hwy 7
8034	CDOT 7J
8035	CDOT 7L
8036	CDOT 7P
8037	CDOT 7T
8967	CDOT 7J Tac
8969	CDOT 7P Tac
2463	CDOT 9 Hwy 9
2465	CDOT 9P
2707	DFPC Main
2708	DFPC NE
2709	DFPC SE
2710	DFPC East
8119	DFPC SW
8120	DFPC NW
8121	DFPC West
8380	DFPC Admin
218	OEM SC
219	OEM SE
220	OEM S
1217	OEM NC
2001	OEM NE
8096	OEM NW
8097	OEM W
8098	OEM SW
8099	OEM SLV
2796	NAWAS 2796
2797	NAWAS 2797
505	NE C-EM
2825	AUX COMM
2300	DTRS Demo 1
2369	DTRS Demo 2
2370	DTRS Demo 3
2371	DTRS Demo 4
2449	DTRS Demo 5
1195	OIT 1195
1197	OIT 1197
1199	OIT 1199
2321	OIT 2321
2323	OIT 2323
2324	OIT NE
2325	OIT SE
8001	OIT West
2327	OIT Data Tech
2818	CoHumaneSoc
2808	AM1-Lifeguard
2809	AM2-AirLife
2810	AM3-Med Evac
2811	AM4-PVH Flight
2812	AM5-UCH LifeLine
2813	AM6-REACH Air
2815	AM8-CareFlight
1265	ColoNG Chan 1
1266	ColoNG Chan 2
1222	CO SAR Cord
1540	Alpine Rescue
2102	Colorado STAR
8964	CO SAR Tac-1
9056	Rampart SAR
9556	Rocky Mtn Rescue
12052	CO SAR Tac 2
12053	CO SAR Tac 3
1093	Douglas Co DTF
1402	Regional AutoTF1
1404	Regional AutoTF2
1533	West Metro DTF 1
1534	West Metro DTF 2
2436	Metro Auto TF1
2992	Metro Gang TF 1
2993	Metro Gang TF 2
4035	Larimer Co DTF
9544	Boulder Co DTF
1225	BLM East
1261	BLM Front Range
8370	BLM West
8389	BLM UCR
8390	BLM SWD
149	VA Security Dnvr
1235	VA Security SoCo
8156	VA Security GJ
9470	VA Security NoCo
1218	Federal 1218
1219	Federal 1219
1220	Federal 1220
1221	Federal 1221
1233	Federal 1233
1234	Federal 1234
1236	Federal 1236
1237	Federal 1237
1240	Federal 1240
1241	Federal 1241
1242	Federal 1242
1243	Federal 1243
1244	Federal 1244
1245	Federal 1245
1249	Federal 1249
1254	Federal 1254
1255	Federal 1255
1256	Federal 1256
1262	Federal 1262
1264	Federal 1264
8381	Federal 8381
8382	Federal 8382
8194	NPS GSD Rangers
9471	NPS Rocky Mtn
11762	NPS CNM LE Car
4023	USBR West
4022	USBR East 4022
9499	USBR East 9499
9491	USBR Supervisors
9492	USBR Green Mtn
9493	USBR Estes Park
9494	USBR Flatiron
9495	USBR Pueblo
9496	USBR Leadville
9497	USBR Twin Lakes
9498	USBR Meredith
8383	USFW 1
8385	USFW 2
1260	USFW RMA NWR
1230	USFS Statewide
1231	USFS NE
1232	USFS SE
8375	USFS NW
8376	USFS SW
4952	USAFA ER
2734	CO CAP 1
2744	CO CAP 2
4951	Fort Carson ACH
1228	BSFB Hawk 1
1229	BSFB Hawk 2
1246	BSFB OSI
1247	BSFB Security
1248	BSFB EOC
53	Adams Co MAC
75	Mountain Ridge
8088	ARCC 3 PD
8090	ARCC 5 SLV FD
8091	ARCC 6 Incident
8180	AlamosaCo MAC
8181	AlamosaCo Fire E
8182	AlamosaCo Tac E
8183	AlamosaCo Fire W
8184	AlamosaCo Tac W
8192	AlamosaCo SO Det
8193	AlamosaCo SO Tac
8196	SLV Hazmat
8199	AlamosaCo SO 1
8202	Sangre Schools
8087	Alamosa PD Disp
8151	Alamosa Hospital
8185	Alamosa FD Tac
8189	Alamosa PD Tac 1
8195	Alamosa PD Tac 2
8200	Alamosa Sch Admn
8201	Alamosa Sch Bus
8186	Mosca FD Tac
8187	Mosca/Hooper FD
3001	ArphoeSO 1
3002	ArphoeSO 2
3003	ArphoeSO 3
3004	ArphoeSO 4
3005	ArphoeSO 5
3007	ArphoeSO 6
3013	ArphoeSO Supv
3009	ArphoeSO Inv1
3010	ArphoeSO Inv2
3082	ArphoeSO Trn1
3083	ArphoeSO Trn2
3014	ArphoeSO Cmnd
3080	ArphoeSO PIT
3081	ArphoeSO PIT
3084	ArphoeSO Civil
3085	ArphoeSO Warrant
3086	ArphoeSO Inv
3087	ArphoeSO SWAT
3011	ArphoeSO Det1
3012	ArphoeSO Det2
3008	ArphoeCo Travel
3032	ArphoeSO ACO
3058	BwMr/ColPD
3071	ArphoeCo VFD E1
3072	ArphoeCo VFD E2
3006	ArphoeCo EOC
3062	ArphoeCo ResPtrl
3017	ArphoeCo RB West
3033	ArphoeCo RB East
3067	ArphoeCo RB EFlg
3074	ArphoeCo RB WFlg
3018	ArphoeCo Engr
3046	ArphoeCo Bulding
3016	ArphoeCo Bld Mtc
3015	ArphoeCo Clerk
3045	ArphoeCo Clerk 2
3063	ArphoeCo YouthSv
3090	CCSch Maintenanc
3091	CCSch West Trans
3092	CCSch Bus
3093	CCSch East Trans
3094	CCSch Securty
3095	CCSch Emerg Ops
3096	CCSch Cmnd 1
69	Children's Hosp
74	Med Cntr Aurora
85	UCHealth Aurora
138	MC Aurora North
146	Spalding Aurora
176	SpaldingAlvarado
180	UCHealthPavilion
3073	Byers Fire
3054	Byers Schools
2994	Cent Court Sec
2995	Cent DPW
3064	Cent Airport 1
3065	Cent Airport 2
3066	Cent Airport 3
3047	Cent South Parks
3089	Cent ACO
3059	Cherry Hills PD1
3060	Cherry Hills PD2
3061	Cherry Hills DPW
88	Swedish SW ER
3075	Englewood PD 1
3076	Englewood PD 2
2990	Englewood PD SA1
2991	Englewood PD SA2
3079	Englewood PD SA3
3077	Englewood FD 1
3078	Englewood FD 2
118	Craig Hospital
84	Swedish Med Cntr
2981	EnglewoodSchools
3027	Glendale PD 1
3028	Glendale PD 2
3034	Glendale PD Supv
3029	Glendale PW 1
3031	Glendale PW 2
3019	GrnwdVlg PD 1
3020	GrnwdVlg PD 2
3025
3021	GnwdVlg PD Det
3022	GnwdVlg PD Sup
3023	GnwdVlg PD Admin
3024	GrnwdVlg DPW
3026	GrnwdVlg City Ad
3035	GrnwdVlg Fleet
3037	GrnwdVlg DPW SPO
3038	GrnwdVlg Enginer
3039	GrnwdVlg Buildg
3036	GrnwdVlg Parks
71	Littleton Hosp
2985	Littleton Util 1
2986	Littleton Util 2
2989	Littleton Train
3040	Littleton PD 1
3041	Littleton PD 2
3042	Littleton PD 3
3043	Littleton PD Det
3044	Littleton PD Vol
3048	ACC Police 1
3049	ACC Police 2
3050	Littleton SchBus
3051	Littleton SchSec
3052	Littleton SchAdm
3053	Littleton SchPrn
3055	Littleton Sch MX
3056	Littleton SchTec
3057	Littleton SchEng
3088	Littleton DPW
2151	Sheridan PD 1
2153	Sheridan PD 2
2155	Sheridan PD 3
2157	Sheridan PD 4
2161	Sheridan PD Spc1
2165	Sheridan PD Spc2
2159	Sheridan FD
2163	Sheridan Schools
39	EMetro Disp
40	EMetro Ops 1
4121	EMetro Ops 2
4148	EMetro Ops 3
4149	EMetro Ops 4
42	EMetro Admn
4150	EMetro Trng 1
41	EMetro Trng 2
1786	SMF 1 AVD
1792	SMF 2 Dispatch
1787	SMF Ops 3
1788	SMF Ops 5
1789	SMF Ops 7
1790	SMF Ops 9
1851	SMF Ops 11
1857	SMF Ops 12
1859	SMF Ops 13
1046	SMF Ops 14
1793	SMF Blue 15
2998	SMF Blue 16
1048	SMF Ops 17
2996	SMF Ops 18
2997	SMF Ops 19
1049	SMF IDT 1
1047	SMF IDT 2
8680	ArchuletaCo MAC
8693	ArchuletaCo Tac1
8697	ArchuletaCo Tac2
8688	Archuleta SO
8681	Pagosa FD1
8691	Pagosa FD2
8685	PagosaSpg EMS
8690	ArchuletaCo SAR
8694	ArchuletaCo Arpt
8695	ArchuletaCo R&B
8696	ArchuletaCo Sch
8700	ArchuletaCo Trvl
8701	ArchuletaCo Bus
8683
8687
349	Baca Co MAC
344	Baca Co LE 1
345	Baca Co LE 2
346	Baca Co LE 3
348	Baca Co R&B 1
356	Baca Co R&B 2
357	Baca Co R&B 3
355	Baca Co Ops 1
362	Baca Co Ops 2
358	Baca Co Comsnr
361	Two Buttes FPD
359	Pritchett FD
360	Vilas FD
353	Walsh FD/EMS
352	Campo Fire
143	Southeast Hosp
347	Sprngfld PD 2
350	Sprngfld Loc Gov
351	Sprngfld FD
354	Sprngfld EMS
273	Bent Co MAC
274	Bent Co LE
204	Bent Co SO Tac
203	Bent Co EMS
269	Hsty/McClv FD
270	Hsty/McClv FD Tc
271	Bent Co R&B
275	Bent Co SchnBus
207	Las Animas PD
208	Las Animas PD Tc
214	Las Animas FD
215	Las Animas FD Tc
272	Las Animas LocGv
9100	BoulderCo LE1
9101	BoulderCo LE2
9573	BoulderCo LE3
9566	BoulderCo LTAC11
9567	BoulderCo LTAC12
9568	BoulderCo LTAC13
9569	BoulderCo LTAC14
9570	BoulderCo LTAC15
9571	BoulderCo LE Rec
9110	BoulderCo MAC
9593	BC Drone TAC
9104	BoulderCo FIRE 1
9108	BoulderCo FIRE 2
9105	BoulderCo Hazmat
9106	BoulderCo FTAC17
9579	BoulderCo FTAC11
9580	BoulderCo FTAC12
9581	BoulderCo FTAC13
9582	BoulderCo FTAC14
9583	BoulderCo FTAC15
9584	BoulderCo FTAC16
9102	BoulderCo Jail
9103	BoulderCo Travel
9107	BoulderCo OEM
9109	BoulderCo Techs
9545	BoulderCo Land
9574	Hygiene FD Tac2
9585	BoulderCo SAR 1
9586	BoulderCo SAR 2
9588	BoulderCo 9588
9589	BoulderCo Parks1
9590	BoulderCo Parks2
9542	Allenspark FD 1
9543	Allenspark FD 2
67	BCH - CMC ER
108	BCH - Foothills
9539	BVSD Security 1
9546	Boulder PD 3
9547	Boulder PD 4
9548	Boulder PD 5
9549	Boulder PD 6
9550	Boulder FD 3
9551	Boulder FD 4
9552	Boulder FD 5
9553	Boulder FD 6
9554	Boulder City Adm
9555	Boulder Tech Stf
9591	BVSD Security 2
9575	LafayettePD Tac2
64	Lafayette FG 1
63	Lafayette FG 2
72	Longmont United
9453	UCH Longs Peak
9515	Longmont PD 1
9516	Longmont PD Tac3
9517	Longmont PD Data
9518	Longmont PD Tac1
9519	Longmont PD Tac2
9520	Longmont PD SWAT
9521	Longmont PD Det
9522	Longmont FD 1
9523	Longmont FD 2
9524	LongmontFD Tac 1
9525	LongmontFD Tac 2
9526	LongmontFD Tac 3
9527	Longmont EOC
9528	Longmont Code
9529	Longmont Water 1
9530	Longmont Water 2
9531	Longmont Power
9532	Longmont PW
9533	Longmont Util
9534	Longmont Streets
9535	Longmont Trash
9536	Longmont Parks
9537	Longmont Fleet
9538	Longmont 9538
9561	Longmont PD SEU2
9565	Longmont LEU Ops
9587	Longmont Courts
66	Avista Hospital
110	Centennial Peaks
9563	LouisvillePD Tac
9578	Nederland FD
9111	Mtn View FD 9111
9112	Mtn View FD Adm
9113	Mtn View FD 1
9114	Mtn View FD 2
9540	Mtn View FD 3
9541	Mtn View FD 4
9650	UCB PD 1
9651	UCB PD 2
9652	UCB PD 3
9653	UCB PD Recrds
9654	UCB PD 911
9655	UCB PD CSO
9656	UCB PD Ops 1
9657	UCB PD Ops 2
9658	UCB PD Ops 3
9659	UCB PD Ops 4
9660	UCB PD Ops 5
9661	UCB Stadium FD
9662	UCB Stadium EMS
9663	UCB Stadium CMND
9664	UCB Shuttle
9665	UCB Mtn Research
8710	Chaffee Co MAC
8711	Chaffee Co PS
8719	Chaffee LE Tac 1
8723	Chaffee LE Tac 2
8729	Chaffee LE Tac 3
8718	Chaffee LE Sec 1
8722	Chaffee LE Sec 2
8728	Chaffee LE Sec 3
8725	Chaffee FD Disp
8716	Chaffee FD Tac 2
8721	Chaffee FD Tac 3
8727	Chaffee FD Tac 4
8713	Chaffee FD Tac 5
8714	Chaffee FD Tac 6
8720	Chaffee FD Sec 2
8726	Chaffee FD Sec 3
8724	Chaffee FD Sec 4
8717	Chaffee Co EMA
8731	Chaffee Co R&B
8712	Chaffee Co Travl
8730	Buena Vista DPW
124	Salida Heart
8732	Salida DPW
394	Cheyne Co MAC
395	Cheyne Co LE 1
396
401	Cheyne Co Corner
399	Cheyne Co FD 1
400	Cheyne Co FD 2
402	Cheyne Co Hazmat
397	Cheyne Co EMS 1
398	Cheyne Co EMS 2
403	Cheyne Co PW 1
404	Cheyne Co PW 2
405	Cheyne Co Health
125	Keefe Hospital
3200	Clear Creek MAC
3201	Clear Creek LE 1
3202	Clear Creek LE 2
3203	Clear Creek FD 1
3204	Clear Creek FD 2
3125	Clear Creek MTac
3205	Clear Creek Trvl
3208	Clear Creek SAR
8255	ConejosCo MAC
8089	ConejosCo LE Dis
8264	ConejosCo LE Cmn
8527	Conejos SO
8265	Conejos SO Tac
8256	ConjosCo Fire
8258	S Conejos FPD
8269	Antonito PD
8257	Antonito FD
8260	Capulin FD
8138	La Jara Hospital
8259	La Jara FD Carml
8261	La Jara FD
8267	La Jara PD
8268	Manassa PD
8263	Manassa FD
8266	Sanford PD
8262	Sanford FD
8230	Costilla Co MAC
8233	Costilla SO Disp
8234	Costilla SO Tac
8231	CostillaCo FD 1
8232	CostillaCo FDtac
8235	Blanca PD Tac
370	Crowley Co MAC
205	Crowley Co SO 1
206	Crowley Co SO 2
371	Crowley Co FD 1
372	Crowley Co FD 2
373	Crowley Co FD 3
374	Crowley Co EMS 1
375	Crowley Co EMS 2
369	Crowley Co R&B
376	Ordway Loc Gov
453	CusterCo MAC
444	CusterCo SO1
445	CusterCo SO2
447	CusterCo FG
451	CusterCo FD3
449	Wet Mtn FD
456	Wet Mtn FD Tac
450	Wetmore Fire
446	CusterCo EMS1
448	CusterCo EMS3
454	CusterCO SAR
452	CusterCo R&B
455	CusterCo SD
8470	Delta Co MAC
8473	Delta Co SO
8474	Delta Co SO Tac
8476	Delta Co EMS
8486	North Fork EMS
8475	Delta Co SAR
8467	Delta Co Travel
8479	Cedaredge PD
8480	Cedaredge FD
8481	Crawford FD
8139	Delta Hospital
8477	Delta PD
8478	Delta FD Tac
8482	Hotchkiss PD
8483	Hotchkiss FD
8484	Paonia PD
8485	Paonia FD
70	Denver Health
77	Porter Hospital
78	PSL Hospital
80	Rose Med Center
83	St. Joseph Hosp
119	Devereux CW
126	Kindred Hosp
128	Life Care Center
133	National Jewish
140	Select Hosp Den
141	Select Hosp DenS
144	PSL Spalding
145	Rose Spalding
153	UCHealth Disp
154	KaiserPermanente
157	Ortho Co Hosp
9059	Mtn States EMS
10015	DU Security 1
10016	DU Security 2
10017	DU Security 3
10018	DU Security 4
10019	DU Security 5
10040	RTD Emergency
10041	RTD Mech 10041
10042	RTD Disp 10042
10043	RTD Scheduling
10044	RTD Requests
10045	RTD Disp 10045
10046	RTD Disp 10046
10047	RTD Mech 10047
10048	RTD Disp 10048
10049	RTD Disp 10049
10050	RTD Fallback 050
10051	RTD All Call 051
10052	RTD Veolia
10053	RTD IT Dept
10054	RTD Disp 10054
10055	RTD Disp 10055
10056	RTD Disp 10056
10057	RTD Disp 10057
10058	RTD Radio Serv
10059	RTD Events 10059
10060	RTD Supervisors
10061	RTD Events 10061
10062	RTD Events 10062
10063	RTD Events 10063
10064	RTD Fallback 064
10065	RTD Fallback 065
10066	RTD Fallback 066
10067	RTD Fallback 067
10068	RTD All Call 068
10069	RTD Bus Service
10070	RTD Boulder Serv
10071	RTD E Metro Serv
10072	RTD Denver Serv
10073	RTD Stop Maint
10074	RTD Sign Maint
10075	RTD Rail MOW 2
10076	RTD Rail Yard Op
10077	RTD LR Projects
10078	RTD Rail MOW 1
10079	RTD LtRail 1 Ops
10080	RTD LtRail 2 Ops
10081	RTD Rail Supv 1
10082	RTD Rail Supv 2
10083	RTD CR A Line
10084	RTD CR Gold Line
10085	RTD CR CRMF
10086	RTD Rail Mech/Co
10087	RTD Rail Const 1
10088	RTD ARCO1/MVTrns
10089	RTD ARCO3/Horizn
10090	RTD Global Trans
10091	RTD ARCO4/Via
10092	RTD Accident 1
10093	RTD Accident 2
10094	RTD ARI 1
10095	RTD ARI 2
10096	RTD Security 1
10097	RTD Security Sup
10098	RTD Security T1
10099	RTD Security T2
10100	RTD Security 2
10102	RTD Fallback 102
10103	RTD Fallback 103
10106	RTD Security T3
10107	RTD CR N Line
10108	RTD CR MOW 1
10109	RTD CR Future
10110	RTD CR MOW 2
10111	RTD CR DUS
3672	DoloresCo MAC
3670	DoloresCo SO Dsp
3671	DoloresCo SO Tac
3673	DoloresCoFD Disp
3674	DoveCreek FD Tac
3676	Rico Fire Tac
3675	DoveCreek EMS
1043	DouglasCo MAC1
1045	DouglasCo MAC2
1033	Douglas SO1
1035	Douglas SO2
1037	Douglas SO3
1039	Douglas SO4
1031	Douglas SO Supv
1015	Douglas SO Adm
1079	Douglas SO SWAT
1083	Douglas SO SWATa
1067	Douglas SO Inv
1009	Douglas SO SIS
1073	Douglas SO SA1
1075	Douglas SO SA2
1077	Douglas SO SA3
1089	Douglas SO Trng1
1023	Douglas SO Trng2
507	Douglas HRLETF
1007	Douglas SO 1007
1011	Douglas SO 1011
1081	Douglas SO 1081
1085	Douglas SO 1085
1087	Douglas SO 1087
1069	Douglas SO Jail
1071	Douglas SO JailT
1017	Douglas Co Cornr
1053	DouglasCo FD 1
1055	DouglasCo FD 2
1057	DouglasCo FD 3
1059	DouglasCo FD 5
1061	DouglasCo FD 7
1063	DouglasCo FD 9
1065	DouglasCo FD 11
1861	DouglasCo FD 13
1051	DouglasCo FD RIT
1853	DouglasCo FD T1
1867	DouglasCo FD T2
1855	DouglasCo FD SA2
1791	West Douglas FPD
1863	DouglasCo Med 9
1005	DouglasCo MedCnt
1042	Douglas OEM
1001	DouglasCo SAR Ad
1003	DouglasCo SAR Op
1013	DouglasCo DEC
1091	DouglasCo Wx
1025	DouglasCo R&B 1
1027	DouglasCo R&B 2
1029	DouglasCo R&B 3
1019	DouglasCo Buildn
1021	DouglasCo R&B
1041	DouglasCo Water
993	Douglas Sch Sec
994	Douglas Sch Emer
1865	DCS-CR Reg Admn
1002	DCS-CVHS 1
1004	DCS-CVHS 2
1006	DCS-DCHS 1
1008	DCS-DCHS 2
1010	DCS-PHS 1
1012	DCS-PHS 2
1014	DCS-LHS 1
1016	DCS-LHS 2
1018	DCS-CHS 1
1020	DCS-CHS 2
1022	DCS-HRHS 1
1024	DCS-HRHS 2
1026	DCS-MVHS 1
1028	DCS-MVHS 2
1030	DCS-RCHS 1
1032	DCS-RCHS 2
1034	DCS-TRHS 1
1036	DCS-TRHS 2
1038	DCS HR Reg Admn
1040	DCS PK Reg Admn
1058	DCS-DCOHS 1
1060	DCS-DCOHS 2
995	Douglas Sch Bus1
996	Douglas Sch Bus2
997	Douglas Sch Bus3
998	Douglas Sch Bus4
999	Douglas Sch Bus5
1000	Douglas Sch Bus6
2208	Castle Pines ES1
2210	Castle Pines ES2
158	Castle Rock Hosp
2201	Castle Rock PD 1
2203	Castle Rock PD 2
2205	Castle Rock PD 3
2206	Castle Rock PD 4
2207	Castle Rock DPW
2209	Castle Rock CW
2211	Castle Rock R&B
86	Sky Ridge MC
1868	Lone Tree PD 1
1869	Lone Tree PD 2
87	Parker Hospital
2101	Parker PD 4
2103	Parker PD 1
2105	Parker PD 2
2107	Parker PD Invest
2109	Parker PD 3
2111	Parker R&B 1
2113	Parker R&B 2
8840	Eagle Co MAC
8842	Eagle Co LE W
8843	Eagle Co LE E
8844	Eagle Co LE 1
8845	Eagle Co LE 2
8846	Eagle Co LE 3
8879	Eagle Co LE 4
8841	Eagle Co SO
8847	Eagle Co Sec
8849	Eagle Co W Fire
8850	Eagle Co E Fire
8856	Eagle Co ARFF
8851	Eagle Co ES 1
8852	Eagle Co ES 2
8853	Eagle Co ES 3
8878	Eagle Co ES 4
8876	Eagle Co ACO
8859	Eagle Co DPW
8877	Eagle Co R&B
11904	Eagle Co SD Ch2
8863	Eagle River FD
8868	Rock Creek FD
8855	Eagle Co EMS E
8869	Vail Mtn Rescue
11833	Rock Creek FD 2
11912	Eagle River FD 4
11913	Eagle River FD 5
11914	Eagle River FD 6
11915	Eagle River FD 7
11916	Eagle River FD 8
11917	Eagle Fire 9
11918	Eagle ARFF 10
11919	Eagle River FD11
11920	Eagle River FD12
11921	Gypsum FD 13
11922	Gypsum FD 14
11923	Eagle River FD15
11924	Eagle River FD16
11925	Eagle Co EMS 17
11926	Eagle Co EMS 18
11927	Eagle Co EMS 19
11928	Eagle Co EMS 20
11929	Eagle Co EMS 21
11930	Eagle Co EMS 22
11931	Gypsum FD 23
11932	Eagle Co EMS 24
8854	Eagle Co AirptMX
11902	Eagle River Watr
11905	Eagle Co Transit
8848	Eagle Co Travel
11906	Gypsum PD
8864	Gypsum Fire
11907	Gypsum DPW
8865	Minturn PD
8860	Avon Police
8873	Avon DPW
8875	AvonTransportatn
8861	Eagle PD
8862	Eagle FD
8157	Vail Hospital
8866	Vail PD
8867	Vail FD
8870	Vail DPW Ch1
8871	Vail Bus System
11903	Vail DPW Ch2
11909	Vail FD Station1
11910	Vail FD Station2
11911	Vail FD Station3
8923	HolyCross Glnwd
8924	HolyCross Aspen
8925	HolyCross Vail
8926	HolyCross Tac
8928	HolyCross All
4710	EPSO 1 N Disp
4711	EPSO 2 Tac 1
4712	EPSO 3 S Disp
4713	EPSO 4 Tac 2
4714	EPSO 5
4715	EPSO 6
4716	EPSO 7
4717	EPSO 8
4718	EPSO 9
4719	EPSO 10
4720	EPSO 11
4721	EPSO 12
4722	EPSO 13
4723	EPSO 14
4724	EPSO 15
4726	EPSO Metro
4725	EPSO CJC
4728	EPSO CJC SRT
4729	EPSO CJC I/R
4573	EPSO Court Sec
4727	EPSO Transport
4755	EPCO Security
4757	EPCO Dist Atty 1
4758	EPCO Dist Atty 2
4756	EPCO Coroner
4770	EPCO FD Red
4771	EPCO FD Silver
4772	EPCO FD Yellow
4795	EPCO FD A4 Cmd
4796	EPCO FD A5 Tac
4797	EPCO FD A8 Cmd
4798	EPCO FD A9 Tac
4799	EPCO FD A12 Cmd
4801	EPCO FD B3 Cmd
4788	Black Forrest FD
4789	Broadmoor FD
4774	Calhan FD
4780	Cimarron Hill FD
4791	Cascade FD
4779	Ellicott FD
4776	Edison FD
4778	Falcon FD
4790	Green Mtn Fls FD
4777	Hanover FD
4783	Highway 115 FD
4773	Peyton FD
4792	Palmer Lake FD
4781	Security FD
4808	EPCO SOCO Tac
4775	Tri-County FD
4782	Stratmoor Hil FD
4787	Tri-Lakes FD
4784	Wescott FD
4785	Woodman Vly FD
4786	Woodmoor FD
4730	EPCO FD Marshal
4880	GM FLS SP EV
4895	EPCO AMR 1
4896	EPCO AMR 2
4897	EPCO AMR 3
4732	EPSO SAR
4731	EPCO EMA
4940	EPCO C2 Command
4941	EPCO C3 Ops
4942	EPCO C4 Command
4943	EPCO C5 Ops
4945	EPCO C6 Command
4946	EPCO C7 Ops
4944	EPCO C8 Brown
4947	EPCO C9 Orange
4914	Woodmoor Safety
4740
4741
4742
4743
4744
4745
4746
4747
4748
4749
4750
4751
4753	EPCO Facility 1
4754	EPCO Facility 2
4752	EPCO Parks 1
4544	EPCO Radio Shop
4902	Academy D20 MX
4957	Academy D20 Safe
2711	EPCO Travel
2714	PPRCN Travel
4575	CSPD Falcon 1
4576	CSPD Falcon 2
4577	CSPD Falcon 3
4578	CSPD Goldhill 1
4579	CSPD Goldhill 2
4580	CSPD Goldhill 3
4581	CSPD Sandcreek 1
4582	CSPD Sandcreek 2
4583	CSPD Sandcreek 3
4584	CSPD Stetson 1
4585	CSPD Stetson 2
4586	CSPD Stetson 3
4587	CSPD Central 1
4588	CSPD Centra 2
4592	CSPD VNI 1
4593	CSPD VNI 2
4594	CSPD VNI 3
4595	CSPD VNI 4
4596	CSPD VNI 5
4589	CSPD Tactical 1
4590	CSPD Tactical 2
4591	CSPD Tactical 3
4602	CSPD Metro Tac
4597	CSPD INV-1
4598	CSPD INV-2
4599	CSPD INV-3
4604	CSPD INV
4574	CSPD Supervisors
4600	CSPD Citywide
4570	CSPD Staff
4571	CSPD IA
4572	CSPD Acadmy
4601	CSPD Fleet
4620	CSFD 1 Disp
4621	CSFD 2 Alt Disp
4622	CSFD 3
4623	CSFD 4 Command
4624	CSFD 5 Tactical
4625	CSFD 6 Command
4626	CSFD 7 Tactial
4627	CSFD 8 Command
4628	CSFD 9 Tactical
4629	CSFD 10 Command
4630	CSFD 11 Tactical
4631	CSFD 12 Staging
4632	CSFD 13
4633	CSFD Admin
4634	CSFD Training
4635	CSFD Prevention
4636	CSFD Arson
4637	CSFD Chief 1
4638	CSFD Chief 2
4513	CS EMA
2712	CS Travel
4913	PPCC PD 1
2737	PPCC Sec 1
2738	PPCC Sec Tac
4900	CS SD11 Sec 1
4901	CS SD11 Sec 2
4911	UCCS PD 1
4912	UCCS PD 2
4553	CS Metro Bus 1
4554	CS Metro Bus 2
4555	CS Metro Bus 3
4556	CS Metro Bus 4
4557	CS Metro Bus 5
4558	CS Metro Bus 6
4559	CS Mobility 1
4561	CS Mobility 2
4545	CS Streets 1
4546	CS Streets 2
4547	CS Streets 3
4548	CS Streets 4
4549	CS Streets 5
4551	CS Streets A
4640	CS Streets 8
4552	CS Streets B
4510	CS Engineering
4550	CS Traffic Eng
4639	CS Traffic Signl
4540	CS PP 1
4541	CS PP 2
4542	CS PP 3
4759	CS Solid Waste 1
4760	CS Solid Waste 2
4511	CS Manager 1
4512	CS Manager 2
4514	CS City Services
4523	CS Animal Contrl
4543	CS Radio Shop
4515	CS Fleet Serv 1
4516	CS Fleet Serv 2
4517	CS Fleet Serv 3
4518	CS Fleet Serv 4
4519	CS Fleet Serv 5
4524	CS Parks/Rec 1
4525	CS Parks/Rec 2
4526	CS Parks/Rec 3
4527	CS Parks/Rec 4
4528	CS Parks/Rec 5
4529	CS Parks/Rec 6
4530	CS Parks/Rec 7
4531	CS Parks/Rec 8
4532	CS Parks/Rec 9
4533	CS Parks/Rec 10
4534	CS Parks/Rec 11
4535	CS Parks/Rec 12
4536	CS Parks/Rec 13
4537	CS Parks/Rec 14
4538	CS Parks/Rec 15
4539	CS Parks/Rec 16
4500	KCOS Ops 1
4504	KCOS Ops 2
4501	KCOS Airfield 1
4505	KCOS Airfield 2
4502	KCOS Facilities1
4506	KCOS Facilities2
4507	KCOS Event 1
4508	KCOS Event 2
4503	KCOS Attendant
4509	KCOS Alert
109	Cedar Sprg Hosp
111	Penrose Hospital
123	Encompass Health
131	Mem Hosp 131
142	SemperCare Hosp
4563	MMRS
4564	MMRS HSP
4565	MMRS CNSLT
4566	MMRS EOC
4930	Mem Hosp Sec 1
4931	Mem Hosp Sec 2
4932	Mem Hosp Shuttle
4933	Mem Hosp Mtce
4934	Mem Hosp CM02
4935	Mem Hosp 6
4948	Mem Hosp ER
4949	Penrose Hosp ER
4950	Penrose Hosp
4953	Mem Hosp North
4954	StFrancis Med ER
4959	Children's CoSpg
4695	CSU Dispatch
4697	CSU Security
4701	CSU Security
2713	CSU Travel
4650	CSU ITS
4651	CSU Telecomm
4652	CSU Credit
4653	CSU C Locate
4654	CSU Field 1
4655	CSU Field 2
4656	CSU Field 3
4657	CSU Meter
4658	CSU DRT Response
4664	CSU Tree Trim
4667	CSU Outage 1
4668	CSU Outage 2
4676	CSU Barricades
4682	CSU RIC
4683	CSU ISD/ESD
4684	CSU Collections
4689	CSU BIRDSAL
4692	CSU Crisis
4694	CSU SP1
4696	CSU Crew
4659	CSU Electric N
4660	CSU Electric S
4661	CSU Electric CTT
4662	CSU Wire North
4663	CSU Wire South
4665	CSU ELC Trouble
4666	CSU ELC Switch
4669	CSU ELC Substatn
4670	CSU ELC Dept
4671	CSU Power
4672	CSU Gas Constrct
4673	CSU Gas Corrosn
4674	CSU Gas Develp
4675	CSU Gas Control
4677	CSU Gas Leak
4678	CSU Gas Dept
4687	CSU ELC Drake
4688	CSU ELC Nixon
4679	CSU WRD Ops
4680	CSU W Constrct 1
4681	CSU W Constrct 2
4685	CSU W Treatment
4686	CSU WRD Depart
4690	CSU Drake Coal
4691	CSU Nixon Coal
4693	CSU Wildland Tac
4812	Fountain PD 1
4813	Fountain PD 2
4811	Fountain FD 2
4822	Fountain FD 5
4810	Fountain FD 10
4821	Fountain FD 15
4814	Fountain Admin
4817	Fountain Streets
4816	Fountain Parks
4815	Fountain Elect
4818	Fountain Water
4824	Fountain Water
4834	Manitou PD 1
4835	Manitou PD 2
4831	Manitou FD 1
4832	Manitou FD 2
4830	Manitou FD Admin
4833	Crystal Park FD
4838	Manitou Streets
4837	Manitou Parks
4836	Manitou Electric
4839	Manitou Water
4875	Monument Events
4877	Monument PD 2
512	Elbert Co SO 5
513	Elbert Co SO 6
517	Elbert Co LE Tac
519	Elbert Co FD 1
520	Elbert Co FD 2
515	Elbert Co FD 3
516	Elbert Co FD 4
526	Elbert Co FD 5
527	Elbert Co FD 6
528	Elbert Co FD 7
521	Elbert Co FD 8
525	Elbert Co FD 9
529	Elbert Co FD 10
518	Elbert Co FD Adm
514	Elbert Co EmComm
522	Elbert Co Roads
530	Elizabeth SD
531	Elizabeth SD Ops
1212	FremontCo MAC
4375	FremontCo MAC 1
4376	FremontCo MAC 2
4377	Fremont SO 1
4378	Fremont SO 2
4379	Fremont SO Travl
4381	Fremont SO Invst
4382	Fremont SO SWAT
4386	FremontCo CIRT
4440	FremontCo CMRRT
4383	Fremont SO Detnt
4384	Fremont SO Amdn
4387	FremontCo FD Dis
4388	FremontCo FD Tac
4385	FremontCo FD Wld
4435	DeerMtn FD 1
4436	DeerMtn FD 2
4439	Indian Sprgs FD
4427	Royal Gorge FD
4425	Tallahasse FD 1
4426	Tallahasse FD 2
4429	WFC FPD Disp
4430	WFC FPD Tac
4433	Ark Valley EMS 1
4428	Ark Valley EMS 2
4434	Ark Valley EMS 3
4431	NWFremntEMS1
4432	NWFremntEMS2
4389	FremontCo EMA
4380	Fremont SO SAR
4394	FremontCo RB MAC
4391	FremontCo R&B 1
4392	FremontCo R&B 2
4393	FremontCo R&B 3
4374	FremontCo School
4390	FremontCo Airprt
113	St.Thomas More 1
1094	CanonCity PD 1
1095	CanonCity PD 2
1096	CanonCity PD 3
1097	CanonCity PD 4
4395	CanonCity PD Inv
4396	CanonCity PD Nar
4397	CanonCity PD Spc
4398	CanonCity PD Adm
4399	CanonCity PD Trv
4400	CanonCity PD Tng
4402	CanonCity PD LIC
4403	CanonCity FD Dis
4404	CanonCity FG 1
4405	CanonCity FG 2
4406	CanonCity FD Tng
4407	CanonCity FD Adm
4408	CanonCity FD Evt
4409	CanonCity FD Emg
4421	St.Thomas Hosp 2
4422	St.Thomas Hosp 3
4437	Cotopaxi FD 1
4438	Cotopaxi FD 2
4410	Florence PD 1
4411	Florence PD 2
4412	Florence PD Admn
4413	Florence PD Inv
4414	Florence PD LIC
4415	Florence FD Disp
4416	Florence FD FG
4417	Florence FD Tac
4418	Florence FD Admn
4419	Penrose FD Disp
4420	Penrose FD Tac
8980	GfldCo MAC
8981	GfldCo ES1
8982	GfldCo ES2
8979
8983
8976
8977
8984	GfldCo LE Tac 1
8985	GfldCo LE Tac 2
8986	GfldCo LE Tac 3
8987	GfldCo LE Tac 4
8988	GfldCo LE Tac 5
8989	GfldCo LE Tac 6
8990	GfldCo LE Tac 7
8991	GfldCo LE Tac 8
8992	GfldCo LE Tac 9
8978	GfldCo LE Record
8933	GfldCo SO Inv
8930	GfldCo Court Sec
8929	GfldCo Jail
8931	GfldCo Jail Tac
8932	GfldCo Jail Trns
8975	GfldCo FD Disp
8995	GfldCo FD Paging
8993	GfldCo FD Tac 3
8996	GfldCo FD Tac 6
8997	GfldCo FD Tac 7
8994	GfldCo FD Admin
8934	GfldCo SAR
8911	GfldCo R&B 1
8914	GfldCo R&B 2
8912	GfldCo R&B West
8913	GfldCo R&B East
8915	RFSD Bus
8921	GfldCo SD 16
8922	GfldCo SD 16
8919	Carbndale PD Dis
8920	Carbndale PD Tac
8917	Carbndale FD Dis
8918	Carbndale FD Tac
8998	Carbndale FD Tac
8158	Valley View Hosp
8142	Rifle Hospital
3126	Gilpin Co MAC
3127	Gilpin Law 1
3128	Gilpin Law 2
3129	Gilpin Law
3142	Gilpin Fire Page
3131	Gilpin Fire1
3132	Gilpin Fire2 Tac
3134	Timberline FPD
3137	Gilpin CEM
3139	Gilpin Travel
3140	Gilpin PW
3143	BlackHawkPD Disp
3144	BlackHawkPD Ch 2
3145	BlackHawkFD OpsA
3146	BlackHawkFD OpsB
3147	BlackHawkFD OpsC
3151	BlackHawk Travel
3148	BlackHawk PW
3150	BH/CC Tramway
3135	CentralCityFD T1
3136	CentralCityFD T2
8885	GrandCo MAC
8886	GrandCo Safety
8887	GrandCo EMS Tac1
8888	GrandCo EMS Tac2
8889	GrandCo Ops Disp
8890	GrandCo Ops 1
8891	GrandCo Ops 2
8892	GrandCo Ops 3
8893	GrandCo Ops 4
8894
8895	GrandCo Ops 6
8899	GrandCo SAR
8900	GrandCo SAR Tac1
8901	GrandCo SAR Tac2
8902	GrandCo Schl Bus
8904	Winter Park Bus
8141	Granby Hospital
8144	Kremmling Hosp
8133	Winter Park MC
8500	GunnCo MAC
8518	GunnCo LE
8946	GunnCo SO 1
8947	GunnCo SO 2
8519	GunnCo EMS
8497	Gunnison FD
8493	Gunnison EMS
8944	GunnCo EMA
8491	WCU Rescue
8489	W Elk Mtn Rescue
8520	GunnCo Travel
8514	WSD RE1J Bus
8511	CrestedButte LE
8506	CrestedButte FD
8509	CrestedButte EMS
8521	CrestedButte Inc
8143	Gunnison Hosp
8501	Gunnison PD
8522	Gunnison Incidnt
8523	MtCrestButte PD
8620	Hinsdale Co MAC
8621	Hinsdale SO Disp
8622	Hinsdale SO Tac
8633	HinsdaleCo SAR2
8627	HinsdaleCo RB 2
8623	HinsdaleCo Govt
8634	HinsdaleCo SD 1
8635	HinsdaleCo SD 2
8636	Lake City FD
1206	Huerfano Co MAC
1200	Huerfano SO Disp
602	Huerfano SO Tac
1202	Huerfano SO Tac
1203	Huerfano FD Disp
606	Huerfano FD Tac
1204	Huerfano FD FG
1205	Huerfano EMS Tac
603	Huerfano EMA
600	Huerfano R&B 1
601	Huerfano R&B 2
604	Huerfano RE1 Bus
605	Huerfano RE2 Bus
607	Huerfano Co SAR
1102	UpperHuefano FPD
1101	La Veta FPD
147	Spanish Peaks
1100	Huerfano FPD
1201	Walsenburg PD Tc
8343	Jackson Co MAC
8344	Jackson Co SO 1
8345	Jackson Co SO 2
175	North Park MC
1401	JeffCo SO Disp
1403	JeffCo SO N MT
1405	JeffCo SO S MT
1407	JeffCoSO Records
1409	JeffCo SO N TC
1411	JeffCo SO S TC
1477	JeffCo LE Tac
1425	JeffCo SO SWAT
1499	JeffCo Fugitive
1413	JeffCo SO Inv
1415	JeffCo SO Inv
1417	JeffCo SO Jail
1419	JeffCo SO Jail
1421	JeffCo JailMaint
1423	JeffCo SO Work
1453	JeffCo Com Cor
1441	JeffCo Courts
1443	JeffCo DA 1443
1445	JeffCo DA 1445
1427	JeffCo SO 1427
1529	JeffCo SO 1529
1531	JeffCo SO 1531
1431	JeffCo SO ACO
1447	JeffCo Coroner
1451	JeffCo Rangers
1455	JeffCo Rangers
1457	JeffCo Rangers
1479	JeffCo Fire NE
1481	JeffCo Fire NW
1483	JeffCo Fire SE
1485	JeffCo Fire SW
1487	JeffCo FTac NE
1489	JeffCo FTac NW
1491	JeffCo FTac SE
1493	JeffCo FTac SW
1509	CNF Dispatcher
1538	CNF Tac 2
1495	CNF Tac 3
1497	CNF Tac 4
1511	CNF AVD Dispatch
1505	CNF Tac 6
1501	Coal Crek FD
1503	JeffCo FD Admn
1507	JeffCo FD Trng
1513	Foothills FD
1514	Foothills FD Tac
1517	Genesee FD Tac
1536	WMFR/Watrton2
1537	WMFR 2
1539	FrmntFD Trng
1515	Highland EMS
1527	JFCO Inc Mgy
1519	RMMA Emergency
1521	RMMA Operations
1523	JeffCo Events 1
1525	JeffCo Events 2
1429	JeffCo Radio T
1433	JeffCo Roads1433
1435	JeffCo Roads1435
1437	JeffCo Roads1437
1439	JeffCo Roads1439
1449	JeffCo Roads1449
1535	JeffCo Schl Sec1
10004	JeffCo Schl Sec2
10005	JeffCo Schl BusC
10006	JeffCo Schl BusS
10007	JeffCo Schl BusW
10008	JeffCo Schl BusN
10009	JeffCo Schl Snow
10010	JeffCo Schl Mx 1
10011	JeffCo Schl Mx 2
1467	Edgewater PD
1459	Golden PD 1
1461	Golden PD 2
1463	Golden PD 3
1542	Golden PD Train
1541	Golden FD 3
1465	CSM Police
1469	Lakeside PD
81	St. Anthony West
1471	Morrison PD 1
1473	Morrison PD 2
1475	Mountain View PD
82	St.Anthony North
73	Lutheran MedCntr
4078	Lutheran Hosp
319	Kiowa MAC
209	Kiowa SO Disp
210	Kiowa SO Tac
317	Kiowa FD
318	Kiowa EMS
320	Kiowa R&B
150	Weisbrod Hosp
321	Eads Local Govt
419	Kit Carson MAC
550	KCC Dispatch
420	Kit Carson LE 1
421	Kit Carson LE 2
426	Kit Carson Cornr
424	Kit Carson FD 1
425	Kit Carson FD 2
427	Kit Carson Hazmt
422	Kit Carson EMS 1
423	Kit Carson EMS 2
428	Kit Carson EM
429	Kit Carson PW 1
430	Kit Carson PW 2
431	Kit Carson Hlth
127	Kit Carson Hosp
8401	LaPlataCo MAC
8428	LaPlataCo EOC 1
8429	LaPlataCo EOC 2
8418	LaPlata SO Disp
11507	LaPlata SO Sec
8419	LaPlata SO C2C
11501	Durango FD Disp
11502	Durango FD Tac 1
11503	Durango FD Ta 2
11504	FLMFD Tac 1
11505	FLMFD Tac 2
11555	LPFFD Dispatch
11558	LPFFD Tac 2
11510	UprPineFD Disp
11511	UprPineFD Tac 2
8426	LaPlataCo SAR 1
8427	LaPlataCo SAR 2
8412	Dur/LaPl Air 1
8413	Dur/LaPl Air 2
8416	LaPlataCo APO
8424	LaPlataCo R&B 1
8425	LaPlataCo R&B 2
8417	LaPlataCo PW Bld
11513	Durango Schools
8146	Duango Mercy MC
8400	Durango PD 1
8402	Durango Transit1
8403	Durango Transit2
8404	Durango Water
8406	Durango ParkEnfc
8408	Durango Parks/Re
8410	Durango PubWrk 1
8411	Durango PubWrk 2
8414	Durango PD 2
8956	FtLewis College
11553	Ignacio PD
10554	Ignacio PD Tac
11550	Southern Ute MAC
11551	Southern Ute PD
10552	Southern Ute PDT
11556	Southern Ute TR
11557	BIA Fire 1
11800	Lake Co MAC
11801	Lake Co LE/FD 1
11802	Lake Co LE/FD 2
11804	Lake Co Tac 1
11805	Lake Co Tac 2
11806	Lake Co Tac 3/5
11808	Lake Co R&B
11803	Lake Co Travel
8154	Leadville Hosp
4054	LarimerCo MA 1
4055	LarimerCo MA 2
4056	LarimerCo MA 3
4057	LarimerCo MA 4
9150	LarimerCo SO 1
9151	LarimerCo SO 2
9152	LarimerCo SO 3
9153	LarimerCo SO 4
9154	LarimerCo SO Inv
9155	LarimerCo SO SWT
9156	LarimerCo Travel
9157	LarimerCo Fire1
9158	LarimerCo Parks1
9159	LarimerCo Parks2
9160	LarimerCo RB S
9161	LarimerCo RB W
9162	LarimerCo RB N
9164	LarimerCo ACO
9165	LarimerCo Fair
9166	LarimerCo EMS
9167	LarimerCo SAR
9168	LarimerCo 9168
9171	LarimerCo SO Ops
9172	LarimerCo LandOf
9173	LarimerCo Jail
9174	LarimerCo 9174
9175	LarimerCo Parks3
9176	Timnath PW
9177	LarimerCo Fire2
4021	Berthoud FD Admn
4083	Berthoud Squad
121	Estes Park Hosp
4084	Estes Park PD 1
4085	Estes Park PD 2
9170	Estes Park EMS
9300	Estes Park FD 1
9301	Estes Park FD T1
9302	Estes Park Event
9303	Estes Park PD 3
9304	Estes Park Power
9305	Estes Park DPW 1
9306	Estes Park DPW 2
9314	Estes Park Trash
9317	Estes Park FD T2
9318	Estes Park Power
9323	Estes Park FD T3
9326	Estes Park Ops 1
9327	Estes Park Ops 2
4029	FtCollins PD 1
4030	FtCollins PD 2
4031	FtCollins PD 3
4032	FtCollins PD 4
4033	FtCollins PD 5
4034	FtCollins PD 6
4025	FtCollins DialRd
4026	FtCollins Transf
4027	FtCollins Trans1
4028	FtCollins Trans2
4068	PVH Hospital 1
4070	PVH EMS Tac 1
4071	PVH EMS Tac 2
4075	FtCollins TranAC
4088	Banner FtColl MC
9307	FtCollins Power1
9308	FtCollins Power2
9309	FtCollins Power3
9310	FtCollins Util
9311	FtCollins Water1
9312	FtCollins Water2
9315	FtCollins Code
9316	FtCollins Street
9321	FtCollins Event
9455	UCH Harmony
9468	PVH Hospital 2
4045	Loveland PD 1
4046	Loveland PD 2
4047	Loveland PD 3
4048	Loveland PD 4
4049	Loveland PD 5
4050	Loveland PD 6
4093	Loveland PD CIU
4095	Loveland PD 4095
4096	Loveland PD Trn
4036	Loveland FD 1
4037	Loveland FD 2
4038	Loveland FD 3
4039	Loveland FD 4
4040	Loveland FD 5
4041	Loveland FD 6
4042	Loveland FD Trng
4043	Loveland FD SEMG
4044	Loveland FD Admn
4051	Loveland Power
4052	Loveland Power
4053	Loveland Water
4086	Loveland Streets
4087	Loveland COLT Tc
4089	Loveland Trash
4076	Banner McKee MC
4079	UCHealth MCR
4091	Thmpsn Val EMS 1
4092	Thmpsn Val EMS 2
4072	Thmpsn Val EMS
4063	Poudre FA 1 Disp
4064
4065	Poudre FA 3 Ops
4066	Poudre FA 4 Ops
4069	Poudre FA 5 EMS
4067	Poudre FA 6 Admn
9169	Poudre FA RIT
4080	Wellington FD 1
4081	Wellington FD 2
4024
4082
9462	CSU Police 3 Tac
4058	NCWCD Admin
4059	NCWCD Disp
4060	NCWCD East
4061	NCWCD West
4062	PRPA Fire Dept
9147	PRPA Ops 1
9148	PRPA Ops 2
9149	PRPA Ops 3
100	Poudre Sch Bus N
101	Poudre Sch Bus S
102	Poudre Sch Trans
103	Poudre Sch Grnds
104	Poudre Sch IS
105	Poudre Sch 105
106	Poudre Sch Emerg
1207	LasAnimas MAC
44	LasAnimas LE1
45	LasAnimas LE2
1118	LasAnimas LE3
51	LasAnimas LE4
1120	LasAnimas SO
1119	LasAnimas Jail
1208	LasAnimas FD1
1209	LasAnimas FD2
1210	LasAnimas FD3
1211	LasAnimas FD4
46	Trinidad PD 2
47	Trinidad FD Disp
48	Trinidad FD Tac
49	Trinidad City 2
50	Trinidad Lcl Gov
52	Trinidad R&B
132	San Rafael Hosp
1213	Trinidad EMS 1
1214	Trinidad EMS 2
494	LincolnCo MAC
495	LincolnCo LE 1
562	LincolnCo LE 2
496	LincolnCo LE Tac
497	LincolnCo SO
560	LincolnCo Coronr
499	LincolnCo FD Dis
500	LincolnCo FD FG1
501	LincolnCo FD FG2
502	LincolnCo FD FG3
498	LincolnCo EMS
506	LincolnCo PubHlh
129	Lincoln Health
503	Hugo Police
504	Limon Police
4231	LoganCo MAC
4221	LoganCo LE 1
4222	LoganCo LE 2
4223	LoganCo LE 3
4224	LoganCo LE 4
4225	LoganCo Fire 1
4226	LoganCo Fire 2
4227	LoganCo Fire 3
4228	LoganCo Fire 4
4229	LoganCo Fire 5
4232	LoganCo EMS 1
4233	LoganCo EMS 2
4230	LoganCo EMA
9057	LgnCoExp Bus 1
9058	LgnCoExp Bus 2
148	Sterling MedCntr
8430	Mesa Co MAC
8432	Mesa SO Disp
8453	Mesa SO Rural
8457	Mesa SO Tac/Trgn
8455	Mesa SO Invst
8456	Mesa SO Invst
8454	Mesa SO Cmnd Stf
11750	Mesa SO Wilndtac
11757	MesaCo FA Tac
8448	Mesa SO Jail 1
8449	Mesa SO Jail 2
8450	Mesa SO Crt Sec
8451	Mesa SO Transprt
8458	Mesa Co Roads 1
8459	Mesa Co Roads 2
8452	Mesa SO SAR
8435	WCO Drug TF 5
11751	Clifton FD Tac
11753	E Orchard MesaFD
11754	Gateway FD Tac
11756	Glade Park FD Ta
11758	Lower Valley FD
11760	Plateau ValleyFD
8445	Collbran Police
8444	DeBeque PD Car
11752	DeBeque FD Tac
8140	Fruita Hospital
8446	Fruita PD C2C
8137	Community Hosp
8153	St. Mary's Hosp
8431	GJ Police 1 Disp
8433	GJ Police 3 Rec
8434	GJ Police 4 Invs
8436	GJ Inc Tac 1
8437	GJ Inc Tac 2
8438	GJ Inc Tac 3
8439	GJ Inc Tac 4
8440	GJ Police SWAT
8441	GJ Fire Disp
8442	GJ Fire Tac 2
8443	GJ Police 2 Car
11755	GJ Fire Tac 1
11767	GJ Airport Fire
8447	Palisade PD Car
11759	Palisade FD Tac
8280	MineralCo MAC
8283	MineralCo LE D
8284	MineralCo LE Tac
8286	MineralCo LE Tac
8281	MineralCo FD Dis
8282	MineralCo FD Tac
8285	Creede School
8359	Moffat Co MAC
8094	Moffat Co SO/CPD
8358	Moffat Co SO Tac
8367	Moffat Co SO Inv
8365	Moffat Co SERT1
8366	Moffat Co SERT2
8360	Moffat Co SO Det
8362	Moffat Co EMS 4
8356	Moffat Co EMS Ax
8363	Moffat Co Tac
11852	Moffat Schools
11853	Moffat Schools
8145	Craig Hospital
8355	Craig FD/EMS
8357	Craig PD Tac
8361	Craig FD Tac
8364	Artesia FD Tac
8650	MntezmaCo MAC
8651	MntezmaCo SO Dis
8652	MntezmaCo SO Tac
8653	MntezmaCo SO Det
8654	MntezmaCo SO Trn
8657	MntezmaCo Fire
8671	MntezmaCoFD TAC2
8672	MntezmaCoFD TAC3
8673	MntezmaCoFD TAC4
8655	MntezmaCo SAR
8663	MntezmaCo SAR K9
8656	PlsntView FD Tac
8659	Cortez FD TAC
8661	Mancos Fire Tac
8662	LewisA Fire TAC
8668	MntezmaCo EMS
8152	Cortez Hospital
8664	Cortez PD Disp
8665	Cortez PD Tac
8660	Mancos Marshal
8785	Ute Mountain PD1
8786	Ute Mountain PD2
8787	Ute Mountain PDT
8788	Ute Mountain FD1
8789	Ute Mountain FD2
8790	Ute Mountain FDT
8077	MntroseCo MAC
8078	MntroseCo SO Dis
8082	MntroseCo SO 2
8742	MntroseCo SO W
8079	MntroseCo SO Tac
8743	MntroseCo SO Pos
8744	MntroseCo SO Cor
8471	Mntr/Delta DTF 1
8472	Mntr/Delta DTF 2
8751	Ncla/Ntrta FD
8755	Ncla/Nrta FDTac
8745	MntroseCo RB 1
8746	MntroseCo RB 2
8757	MntroseCo RB 4
8759	MntroseCo RB 6
8756	MntroseCo RB
8758	MntroseCo RB Wk2
8748	MntroseCo Travel
8073	Montrose PD 1
8074	Montrose PD 2
8075	Montrose PD 3
8076	Montrose PD Tac
8080	Montrose FD Disp
8081	Montrose FD Tac
8147	Montrose Hosp
8468	CLETA
8749	Montrose DPW
8752	Montrose FD Ops
8753	Montrose Air FD
8754	Montrose Air Ops
8740	Olathe PD Disp
8741	Olathe PD Tac
8747	Olathe FD Disp
8763	Olathe FD Tac
8750	Paradox Fire
9027	Morgan Co MAC
9028	Morgan Co SO1
9029	Morgan Co SO2
9030	Morgan Co SO3
9031	Morgan Co FD1
9034	Morgan Co EMS
9035	Morgan Co Ops
9036	Morgan Co Tac 1
9037	Morgan Co Tac 2
9051	Hilros/Snydr Ops
9052	Morgan Co SrBus
9060	Morgan Co Jail
9032	Brush Fire Ops
120	East Morgan Hosp
117	Colorado Plains
9033	FtMorgan Fire Op
9050	Wiggins Fire Ops
226	Otero Co MAC
96	Otero Co SO Disp
201	Otero Co SO Tac
230	Otero Co R&B
231	EOtro School Bus
232	EOtro School Adm
233	Cheraw Fire
217	Fowler PD Disp
221	Fowler PD Tac
223	Fowler FD Tac
222	Fowler EMS
224	Fowler Govt
79	Ark Valley MC
90	La Junta PD Disp
91	La Junta PD Tac
92	La Junta FD
93	La Junta FD FG
94	La Junta Govt 1
95	La Junta Govt 2
227	La Junta Transit
225	Manzanola Gvt
97	RockyFord PD Dis
202	RockyFord PD Tac
216	RockyFord FD Dis
213	RockyFord FD Tac
228	RockyFord Gov 1
229	RockyFord Gov 2
8530	Ouray Co MAC
8531	Ouray Co SO Disp
8532	Ouray Co SO Tac
8534	Ouray Co R&B
1107	Park Co LE Disp
1108	Park Co LE Tac
1103	Park Co LE Tac 1
1104	Park Co LE Tac 2
1127	Park Co LE ENC
1109	Park Co EmerSrvs
1110	Park Co Ops 4
1111	Park Co Ops 5
1112	Park Co Ops 6
1113	Park Co Ops 7
1114	Park Co Ops 8
1115	Park Co Ops 9
1130	Park Co SAR
1105	Park Co Health
1106	Park Co R&B
1126	Park Co School
1131	Park Co Travel
9020	Philips MAC
9008	Phillips SO 1
9009	Phillips SO 2
9010	Phillips SO 3
9005	Amherst Fire
122	Haxtun Health
9002	Haxtun Fire
130	Melissa Hospital
9003	Holyoke FD 1
9004	Holyoke FD 2
11600	PitkinCo MAC 1
11619	PitkinCo MAC 2
11620	PitkinCo MAC 3
11609	PitkinCo LE
11599
11610	PitkinCo Sheriff
11591	PitkinCo Event 1
11592	PitkinCo Event 2
11621	PitkinCo Fire
11616	PitkinCo FD 7
11617	PitkinCo FD 8
11602	PitkinCo ES1
11603	PitkinCo ES2
11618	Aspen Mtn Rescue
11597	PitkinCo Svcs911
11623	Aspen Airport
12402	Aspen Aprt Snow
12405	PitkinCo Logs 1
11624	Pitkin Co Roads
11594	PitkinCo R&B
11596	PitkinCo OS&Trl
11595	PitkinCo Landfil
11622	PitkinCo Travel
11583	PitkinCo SchlBus
8916	RFSD Travel
11643	SMV Housing
8134	Aspen Hospital
11601	Aspen EMS
11614	Aspen Fire
11631	Aspen Parking
11633	Aspen Water
11635	Aspen Streets
11641	Aspen Bus
11646	Aspen Schools
11647	Aspen School Bus
11612	Basalt Police
11615	Basalt Fire
11639	Basalt Public Wk
11604	RFTA Dispatch
11605	RFTA Suprvsrs
11606	RFTA Travlr Serv
11607	RFTA SpecEvnt
11608	RFTA Emergncy
294	ProwersCo MAC
211	ProwersCo SO Dis
212	ProwersCo SO Tac
303	ProwersCo FD 2
304	ProwersCo FD 3
301	ProwersCo R&B
302	Holly EMS
295	Lamar PD 1
296	Lamar PD 2
297	Lamar FD/EMS
298	Lamar FD Tac
137	Prowers MedCntr
299	Lamar LocGov 1
300	Lamar LocGov 2
305	Wiley FD Disp
306	Wiley FD Tac
4271	PuebloCo MAC
4310	PuebloCo MAC 1
4316	PuebloCo MAC 2
4272	PuebloCo SO 1
4273	PuebloCo SO 2
4274	PuebloCo SO Tac1
4275	PuebloCo SO Tac2
4276	PuebloCo SO Tac3
4277	PuebloCo SWAT
4278	PuebloCo SO Narc
4279	PuebloCo SO Detv
4280	PuebloCo JailOps
4281	PuebloCo JailTr
4282	PuebloCo JailTac
4283	PuebloCo JailSWA
4284	PuebloCo JailMed
4294	PuebloCo FD Disp
4295	PuebloCo FD Tac
4296	PuebloCo FD Fgrd
4297	PuebloCo FD Admn
4298	PuebloCo FD Trvl
4301	Red Creek FD Dis
4302	Red Creek FD Tac
4299	West Park FD Dis
4300	West Park FD Tac
4451	PuebloCo EMS/AMR
4311	PuebloCo EMA 4
4312	PuebloCo EMA 5
4313	PuebloCo EMA 6
4314	PuebloCo EMA Mgr
4315	PuebloCo EMA Com
4309	PuebloCo ESB Tac
4285	PuebloCo RB 1
4286	PuebloCo RB 2
4355	PuebloCo RB
4303	PuebloCo Admin 1
4304	PuebloCo Admin 2
4305	PuebloCo Admin 3
4293	PuebloCo Health
4317	PuebloSD70 Admin
4318	PuebloSD70 Ops
4319	PuebloSD70 Tran1
4320	PuebloSD70 Tran2
4306	TTC FD Disp
4307	TTC FD Tac
4322	Beulah FD Disp
4323	Beulah FD Tac
4321	Beulah EMS
4287	Boone Fire 1
4288	Boone Fire 2
4289	Boone Fire 3
4326	Pueblo City MAC
4327	Pueblo PD 1
4328	Pueblo PD 2
4329	Pueblo PD 3
4330	Pueblo PD Tac 1
4331	Pueblo PD Tac 2
4332	Pueblo PD Tac 3
4334	Pueblo PD SWAT
4335	Pueblo PD Narc
4337	Pueblo PD Emerg
4333	Pueblo PD Travel
4336	Pueblo PD Admin
4338	Pueblo FD Disp
4339	Pueblo FD Med 1
4340	Pueblo FD 3
4341	Pueblo FD Tac 1
4342	Pueblo FD Tac 2
4343	Pueblo FD Tac 3
4345	Pueblo FD Emerg
4346	Pueblo FD Hazmat
4344	Pueblo FD Admin
4308	Pueblo EmergServ
112	St. Mary-Corwin
136	Parkview MedCntr
4358	Pueblo Bus Disp
4359	Pueblo Bus Mtnce
4360	Pueblo Bus SenCi
4353	Pueblo AirportOp
4356	Pueblo ACO
4347	Pueblo Streets
4348	Pueblo RadioShop
4349	Pueblo Wastewatr
4350	Pueblo Traffic
4351	Pueblo Engineer
4352	Pueblo Parks/Rec
4354	Pueblo BuildMtce
4357	Pueblo Code Enfc
4457	Pueblo CC 4457
4459	Pueblo CC 4459
4325	Pueblo West ER
4361	PuebloW Metro 1
4362	PuebloW Metro 2
4363	PuebloW Metro 3
4364	PuebloW FD Disp
4365	PuebloW FD Tac 1
4366	PuebloW FD Tac 2
4367	PuebloW FD Tac 3
4368	PuebloW FD Travl
4290	Rye Fire Disp
4291	Rye Fire Tac
4292	Rye Fire Admin
11700	RioBlancoCo MAC
11702
11703	RioBlancoCo SO T
11707	RioBlancoCo FD
11716	RioBlancoCo SAR
11712	RioBlancoCo R&B1
11718	RioBlancoCo R&B2
11701	RioBlancoCo SD
11719	RioBlancoCo R&B3
11713	RioBlncoCo Travl
8150	Del Norte Hosp
8308	Del Norte FD Tac
8316	Del Norte PD Tac
8148	Meeker Hospital
11705	Meeker PD Tac
11708	Meeker FD Tac
11710	Meeker EMS Tac
11714	Meeker Schools
8312	MonteVistaPD Dis
8313	MonteVistaPD Tac
8307	MonteVistaFD Dis
8306	MonteVistaFD Tac
8319	Sargent SD Buses
8149	Rangely Hospital
11704	Rangely Police
11709	Rangely Fire Tac
11711	Rangley EMS Tac
11724	Rangley PD Trvl
8305	RioGndCo MAC
8310	RioGndCo SO Dis
8311	RioGndCo SO Tac
8322	RioGndCo SO Jail
8321	RioGnd Co R&B
8315	SouthFork PD Tac
8314	SouthFork/DelNrt
8309	SouthFork FD Tac
11658	Routt Co MAC
11650	Routt Co LE 1
11655	Routt Co LE 2
11652	Hayden PD Tac
11653	OakCrk PD Tac
11654	Routt Co SO Tac
11659	Routt Co FD 1
11665	Routt Co FD 2
11661	WRoutt FD Tac
11662	OakCrk FD Tac
11663	NRoutt FD Tac
11664	Yampa FD Tac
11666	Routt Co SAR
11668	YampaVly Airport
11669	Routt Co R&B 2
11657	Routt Co Travel
11672	SRoutt Schools
11651	Stmboat PD Tac
11660	Stmboat FD Tac
8159	UCH Yampa Valley
11667	Stmboat Schools
8330	SagucheCo MAC
8335	SaguacheCo SO
8336	SaguacheCo SO
8332	SaguacheCo FD 1
8333	SaguacheCo FDtac
8198	SaguacheCo EMS
8337	Center PD Disp
8338	Center PD Tac
8334	Center FD
8331	Baca Grande FD T
8590	SanJuanCo MAC
8591	SanJuanCo SO Dis
8592	SanJuanCo SO Tac
8595	SilvertonFD Disp
8596	Silverton EMS
8593	SanJuanCo SAR
8594	SanJuanCo R&B
8560	SanMgl MAC
8561	SanMgl SO Dis
8563	SanMgl SO Tac
8564	SanMgl SO Car
8562	SanMgl SO Ops
8565	SanMgl SO Admn
8571	SanMgl SO Trng
8583	SanMgl Corner
8579	SanMgl SO Jail A
8580	SanMgl SO Jail B
8569	SanMgl Courts
8581	SnMgl SO Trnsp
8582	SanMgl SO JlAdm
8578	SanMgl EMA
8576	SanMgl SAR Disp
8575	SanMgl SAR 1
8566	SanMgl R&B A
8567	SanMgl R&B B
8568	SanMgl R&B Adm
8577	Egnar Fire
12111	MtnVlg PD Ops
12110	MtnVlg PD Evnt
8570	Norwood PD
8572	Norwood PD Ops
8573	Norwood Fire
8574	Norwood EMS
12101	Telluride PD Dis
12103	Telluride PD Tac
12102	Telluride PD Evt
12104	Telluride FD Dis
12105	Telluride FD St1
12106	TellurideFD St2
12107	TellurideFD St3
12108	TellurideFD St4
12109	Telluride EMS
9021	Sedgwick Co MAC
9200	Sedgwick SO Dis
9201	Sedgwick SO Tac
9206	Sedgwick Co FD
9205	Sedgwick EMS
139	SedgwickHospital
8810	SummCo MAC
8812	SummCo Law Disp
8813	SummCo ES Disp
12475	SummCo ES Tones
8811	SummCo Ops 4
12481	SummCo Ops 5
12482	SummCo Ops 6
12483	SummCo Ops 7
12484	SummCo Ops 8
12485	SummCo Ops 9
12490	SummCo Travel
12476	SummCo SAR
12478	SummCo Law Ops
12480	SummCo R&B
8814	Summit Schools
8815	Summit SHS
8816	Summit Cove Elem
8817	Summit Safety
8818	Summit Bus
8819	SummCo Stage Bus
8136	Breckenridge UC
8135	SummitBirthPlace
8155	Summit Hospital
8392	Keystone UC
6131	Teller Co MAC
6132	Teller SO 1
6133	Teller SO 2
6136	Teller SO Ops 1
6137	Teller SO Ops 2
6134	Teller SO TAC
6135	Teller Co Jail
6142	TellerCo FD Disp
6143	TellerCo EMS Dsp
6145	TellerCo Tac 1
6146	TellerCo Tac 2
6147	TellerCo Tac 3
6148	TellerCo Tac 4
6139	TellerCo Tac 5
6141	TellerCo Tac 6
4851	NW Teller FD 1
4852	NW Teller FD 2
6149	Teller Co PW
6138	Cripple Creek PD
6150	Cripple Creek PW
174	UCH PPRH 174
4850	WdldPrk PD OIT
4853	WdlndPrk PD 1
4854	WdlndPrk PD 2
4956	UCH PPRH 4956
9022	WshngtnCoMAC
9044	WshgtnCoLaw1
9048	WshgtnCoFD
9045	WshCoFDTac1
9046	WshCoFDTac2
9047	WshCoFDTac3
9049	WshgtnCoEMS
9250	SWWshgtnCoFD
1951	WeldCo Emg Ops1
76	PlatteValleyHosp
68	Grely Centennial
4077	Greeley NCMC
9452	UCH Greeley Hosp
4073	Windsor FD 1
4074	Windsor FD 2
9023	YumaCo MAC
9038	YumaCo LE 1
9042	YumaCo Fire
9043	YumaCo EMS
9053	YumaCo EMS ENC
9252	S Yuma EMS
9054	Wages VFD
9039	YumaCo Tac 1
9040	YumaCo Tac 3
9041	YumaCo Tac 3
9253	YumaCo Schools
9251	Idalia Fire
151	Wray Hospital
152	Yuma Hospital
